time,susceptible,exposed,infected,recovered,new_exposed,new_infected,new_recovered,deaths
0,0.9000000000000021,0.09999999999999745,0.0,0.0,0.09999999999999745,0.0,0.0,0.0
1,0.9000000000000021,0.09993000000000048,7.000000000000056e-05,0.0,0.0,7.000000000000056e-05,0.0,0.0
2,0.8999548715328425,0.09655752036496354,0.0034823599999999444,4.900000000000141e-06,4.513221167883215e-05,0.003417609999999987,4.900000000000141e-06,3.4999999999999247e-07
3,0.8977097598540149,0.08692193124087576,0.015101900000000112,0.00024866000000000677,0.002245120890510949,0.0118807001459857,0.00024375999999999838,1.7759999999999657e-05
4,0.8879981759124094,0.0816844373722628,0.028918333430656865,0.0013057899999999773,0.00971157911678831,0.01494907613138701,0.0010571299999999773,9.327000000000304e-05
5,0.8696070284671507,0.08793105715328468,0.038893976350364984,0.0033300751678831983,0.018391140218978107,0.012144525766423362,0.002024285167883225,0.00023786483211678513
6,0.8453935963503655,0.10335427649635008,0.04476713430656936,0.006052654357664227,0.024213426204379534,0.008790209277372273,0.002722579189781019,0.00043233780291970883
7,0.8183086394160588,0.12305144233576655,0.048797385693430693,0.00918635348175183,0.027084964379562048,0.007387795072992701,0.0031336991240875907,0.0006561791459854025
8,0.7897271145985403,0.14352890000000007,0.053241633357664186,0.012602175401459855,0.028581506569343038,0.008104058277372272,0.003415823430656936,0.0009001687226277369
9,0.7596076569343065,0.1635670766423356,0.05932978182481754,0.0163290991970803,0.030119471824817508,0.010081274416058396,0.003726919153284672,0.0011663724452554735
10,0.7272861693430657,0.1835224613138686,0.06724616751824808,0.020482190072992734,0.032321516715328506,0.012366127817518252,0.004153091029197087,0.001463025408759123
11,0.692174861313868,0.20420872481751806,0.07662773708029193,0.02518942131386865,0.03511128802919705,0.01442503284671534,0.004707231452554747,0.0017992547810218938
12,0.6540780416058393,0.22612816934306537,0.08705803445255468,0.030553361021897783,0.038096830802919694,0.01617738182481751,0.005363940576642338,0.002182394832116787
13,0.6131849138686132,0.24925201167883232,0.09827066007299276,0.03667472255474455,0.04089326766423367,0.017769434452554744,0.006121365131386864,0.0026176894525547457
14,0.5699530379562034,0.23804915109489044,0.144001023357664,0.04488739671532851,0.04323913087591243,0.05444198970802924,0.008212672248175198,0.003109388153284675
15,0.5116859999999999,0.2754928474452556,0.14938662700729938,0.05960388854014598,0.05829226547445253,0.02084856547445258,0.014716490437956205,0.0038306302189781015
16,0.457761289051095,0.3067901540145989,0.15497388686131383,0.07589468686131387,0.0539565084671533,0.022659207810218983,0.016290794014598535,0.004580000087591242
17,0.40835698394160574,0.33060988394160573,0.16418677226277356,0.09148171897810213,0.04943030270072986,0.02561056277372263,0.01558703138686133,0.005364639883211675
18,0.36510435255474394,0.3426899744525551,0.17958500145985382,0.10640378817518234,0.04327184547445254,0.031191773868613076,0.014922067007299289,0.006216890065693425
19,0.32881001824817546,0.3422792255474447,0.1998427277372266,0.1218538627737226,0.03631158912408755,0.03672232802919707,0.015450088029197095,0.0072141429416058426
20,0.30924004963503654,0.3221126051094893,0.22112470145985366,0.13899187664233584,0.01959256430656934,0.039759185766423365,0.01713801248175184,0.008530764927007313
21,0.30668924087591226,0.28451481313868593,0.24025056277372278,0.1583737824817518,0.0025824470802919687,0.04018023277372265,0.019381915547445262,0.010171570839416054
22,0.3066711583941605,0.24607720875912428,0.2553127635036497,0.17996565839416037,5.723635036496351e-05,0.03849484934306568,0.021591871459854,0.011973217540145995
23,0.3067166737226275,0.21134083211678836,0.2646627547445254,0.20339168248175188,0.0,0.03473638087591238,0.02342601620437954,0.01388806262773721
24,0.30676758102189783,0.18174418007299273,0.2674851481751821,0.2281300467153285,0.0,0.029596659635036514,0.024738378905109465,0.01587303313868616
25,0.30682336131386884,0.1568956694160583,0.26474289124087563,0.25365889416058357,0.0,0.024848516715328475,0.02552884474452559,0.01787917226277373
26,0.3069938211678834,0.13535753021897806,0.24479630145985434,0.292987584671533,0.0,0.021538139124087592,0.039328689270072964,0.01986474364963506
27,0.30705891751824804,0.11577764985401447,0.23739825766423367,0.3180644467153285,0.0,0.019579871240875915,0.025076866131386866,0.021700717518248192
28,0.3071294737226279,0.09727584284671548,0.22882339781021854,0.34329004671532826,0.0,0.018501803065693427,0.02522559883211679,0.023481202919708007
29,0.30720900510948884,0.07471825583941603,0.2238643474452556,0.36901113138686115,0.0,0.02255759839416061,0.025721080510948933,0.025197250802919718
30,0.30730532992700677,0.054502595620437966,0.21484954890510932,0.3964710160583941,0.0,0.02021566379562045,0.027459882335766378,0.02687150437956204
31,0.3074152335766425,0.03640438416058387,0.2023813664233574,0.4253679978102193,0.0,0.018098211605839423,0.028896978540145977,0.02843101905109493
32,0.30751248540145953,0.020808723284671527,0.18747572481751862,0.45457055547445224,0.0,0.01559566056204379,0.02920255817518245,0.02963251905109495
33,0.3075953985401465,0.007872099496350359,0.17101797270072996,0.48294421897810197,0.0,0.01293662381751823,0.028373674817518256,0.03057029408759122
34,0.30766299343065673,0.000945596175182481,0.15040031744525542,0.5095657000000001,1.2029467153284673e-05,0.006938533211678827,0.026621479708029198,0.03142538547445257
35,0.30771184817518266,5.5445423357664235e-05,0.12670578321167883,0.5333495364963502,2.318690510948905e-05,0.0009133377372262772,0.023783819562043788,0.03217738664233573
36,0.30733538978102226,0.00047280214598540137,0.10583672649635013,0.5535441708029197,0.00043802154744525544,2.0664775182481753e-05,0.020194646934306587,0.03281091613138681
37,0.30500180656934295,0.002855661160583942,0.08831544642335762,0.5704869861313869,0.002385386671532847,2.5282348978102184e-06,0.01694280496350365,0.03334009868613141
38,0.28669140802919724,0.02118990131386863,0.07338147124087602,0.5849555430656933,0.018355432408759136,2.1192312693430644e-05,0.014468557518248189,0.03378167686131386
39,0.2719907722627735,0.035780264233576595,0.06043467167883215,0.5976457175182475,0.014741688613138671,0.00015132744405839412,0.012690167372262789,0.034148584160583945
40,0.26052953503649645,0.04629011189781018,0.04969655343065695,0.6090330357664232,0.011500129328467154,0.0009902805167883212,0.011387328956204382,0.03445076065693428
41,0.25152781532846696,0.05223491547445258,0.040276968029197044,0.6212610496350369,0.009049266503649626,0.003104463750364969,0.012228016329927014,0.03469924167883213
42,0.24449295620437944,0.05409335043795617,0.03457067496350362,0.6319423890510948,0.007077595708029185,0.005219160240875915,0.010681339321167885,0.03490062934306564
43,0.23862141715328455,0.05368762058394161,0.03119943956204375,0.6414180656934306,0.005909891416058391,0.006315620204379556,0.00947565697080292,0.03507347992700733
44,0.23343937861313857,0.052445082773722625,0.02919779948905114,0.6496882598540155,0.00521510354744526,0.00645764258394162,0.008270207474452545,0.035229479270073
45,0.22867222854014602,0.05119667430656929,0.027974958905109502,0.6567806635036502,0.004794587671532847,0.006042995905109487,0.007092409379562046,0.035375468759124146
46,0.22416034905109428,0.050305330145985386,0.028572281240875904,0.6614466992700727,0.004526602131386858,0.0054179468540145985,0.004666034211678826,0.03551534182481753
47,0.21960528270072957,0.05006989824817527,0.030863430437956207,0.6638031963503654,0.004557009839416054,0.00479244202189781,0.0023564929635036527,0.03565820496350363
48,0.21478483554744546,0.05062909335766422,0.03280183503649638,0.6659716970802911,0.004820466510948907,0.004261271656934309,0.0021685048175182444,0.03581252189781021
49,0.2097806925547447,0.05178576759124085,0.03418820321167888,0.6682688197080291,0.005004170883211681,0.003847496518248181,0.002297115364963507,0.03597652883211679
50,0.20469198386861293,0.053167576131386944,0.03532268036496351,0.6706702693430666,0.005088719999999998,0.003706910715328468,0.002401444781021898,0.03614747124087594
51,0.19956068795620438,0.05406643080291974,0.036846898029197,0.6732018970802918,0.005131650722627744,0.004232794481751821,0.002531640708029196,0.03632408532846711
52,0.19433777700729932,0.04952174138686125,0.043464517810219046,0.6761676503649642,0.005225009160583939,0.009769699262773723,0.0029657434817518253,0.03650832124087587
53,0.18835826678832127,0.04704874715328474,0.04744565970802919,0.6804216963503651,0.0059860981459853874,0.00845909211678831,0.004254044518248174,0.03672564474452553
54,0.18204974744525576,0.04604945277372267,0.04915823832116788,0.6857796897810221,0.00631957535036497,0.007318869306569346,0.005357991795620432,0.03696287255474453
55,0.1757452983941608,0.0458646317518249,0.04949595401459861,0.6916854532846709,0.006317851613138684,0.006502673372262774,0.005905769846715334,0.03720866372262778
56,0.16962620781021892,0.04606165846715323,0.049185701386861326,0.6976702722627737,0.006132782569343056,0.005935757576642334,0.005984835124087587,0.0374561435036496
57,0.163763558540146,0.046237550656934294,0.04882523291970798,0.7034715854014597,0.0058754720145985295,0.0056995767226277454,0.005801299613138686,0.03770207467153289
58,0.1581500175182482,0.046256525474452574,0.04864352299270071,0.7090037357664233,0.005625023715328472,0.005606049131386853,0.005532139832116782,0.0379461995620438
59,0.15275350766423385,0.046122429489051105,0.048655610218978185,0.7142790306569348,0.005406685686131388,0.005540782445255479,0.005275314189781029,0.038189416350364956
60,0.1475439980291972,0.045886244160583935,0.0487891667883211,0.7193478941605843,0.005218557576642339,0.005454741328467163,0.005068869576642342,0.03843269496350364
61,0.14250251613138698,0.04552005459854015,0.04903613941605833,0.7242646547445248,0.00504962953284671,0.0054158203138686125,0.0049167415766423255,0.038676642627737214
62,0.1376131773722629,0.044993893576642345,0.04932728401459858,0.7291438153284668,0.004897192715328462,0.0054233545693430744,0.004879164919708032,0.03892182109489057
63,0.1328707475912409,0.0443595295620437,0.04935267321167886,0.7342485897810217,0.004751413131386865,0.005385776759124104,0.005104773437956207,0.039168458832116816
64,0.1283077145255475,0.04363520802919707,0.04712593116788321,0.7415159372262768,0.00458376823357665,0.005308089678832114,0.007267347810218982,0.03941522160583944
65,0.12410271255474478,0.042641480072992705,0.045489019562043743,0.748115937956204,0.004222936751824824,0.005216665766423362,0.006600006153284671,0.039650852481751875
66,0.1201789556204381,0.041435679051094916,0.04435067627737229,0.7541563912408761,0.003939270138686131,0.005145070197080299,0.006040446124087592,0.03987829635036498
67,0.11647652240875919,0.039850658394160604,0.04377413547445259,0.7597986364963495,0.0037162239781021863,0.005301244686131392,0.005642238759124089,0.040100050218978125
68,0.11293703272262799,0.038118274744525546,0.043446492919708035,0.7651792795620433,0.003552072640145987,0.005284457846715324,0.0053806402919708085,0.04031892197080287
69,0.10953343472992705,0.03640305328467156,0.04308257124087589,0.7704447905109488,0.00341571222992701,0.005130933875912402,0.005265534554744522,0.040536153722627706
70,0.10626276194160574,0.034775564087591256,0.04256175708029198,0.7756483642335772,0.0032825627737226248,0.004910050401459853,0.005203560605839419,0.04075156744525548
71,0.10313073205839414,0.03324497467153288,0.04186991664233575,0.7807899912408751,0.003143762662773721,0.0046743529708029195,0.005141632963503652,0.04096437802919711
72,0.10014291685401465,0.03178745590510943,0.04104627715328469,0.7858496218978099,0.0029993884255474445,0.004456906693430654,0.005059626503649637,0.041173725985401435
73,0.09730115947445256,0.03037589155474451,0.04010758503649641,0.7908364138686133,0.0028532411781021887,0.004264807766423353,0.004986782408759129,0.04137896007299268
74,0.09460561418248165,0.028990238248175128,0.0390642394890511,0.7957604167883199,0.002707057003649638,0.004092709627737221,0.004924014291970796,0.041579495182481684
75,0.09205509132116782,0.027619710248175194,0.03795365321167871,0.80059673649635,0.0025619458510948907,0.003932473138686131,0.004836315437956214,0.04177481919708022
76,0.08964582959124083,0.026259699708029223,0.03680490145985401,0.8053249927007309,0.00242052264671533,0.0037805327664233597,0.004728256686131385,0.04196458598540142
77,0.08737239177372269,0.024911968087591253,0.035629878759124135,0.8099371540145995,0.0022845010116788337,0.00363223194160584,0.00461216590510949,0.04214861160583938
78,0.08522900208029191,0.023589014167883213,0.03441609072992704,0.8144391350364962,0.002154294844525547,0.0034772483613138656,0.004501973846715328,0.042326761386861235
79,0.08321141785401463,0.02236202566423358,0.03301062051094892,0.8189170773722624,0.002028819905839415,0.0032558093773722603,0.004477955919708032,0.042498842481751835
80,0.08132365400000005,0.021197319401459837,0.0315250250364963,0.8232901182481747,0.00189898303868613,0.0030636884744525564,0.004373022211678833,0.042663895620437986
81,0.07956297721897815,0.020073499722627754,0.03004277440145991,0.8274992284671518,0.00177155486350365,0.0028953754072992676,0.004209116912408759,0.0428215205109489
82,0.07792241558394163,0.01897433418248177,0.02861313387591239,0.8315183905109476,0.0016509785883211672,0.00275014454817518,0.0040191584306569356,0.042971735985401424
83,0.07639296823357661,0.017897396810218996,0.027249342321167897,0.8353454802919712,0.0015393537248175177,0.0026162894583941585,0.0038271020218978093,0.0431148027007299
84,0.07496576357664234,0.0168492111240876,0.02594170937956209,0.8389922664233581,0.0014366588277372253,0.0024848452686131377,0.0036467771021897783,0.043251048394160586
85,0.07363311896350372,0.015837608080291964,0.024675975583941613,0.8424725532846714,0.001341692365693429,0.0023532961540146,0.0034802764744525485,0.04338075693430659
86,0.07238866342335773,0.014868024525547446,0.023442121934306552,0.8457970569343056,0.0012531376357664214,0.0022227217912408753,0.0033245127700729867,0.043504137226277384
87,0.07122698886131382,0.013942654532846691,0.022236341058394157,0.8489726598540147,0.0011700116554744535,0.002095380833576645,0.0031756107043795652,0.043621347518248164
88,0.07014328798540151,0.013061995124087601,0.021057612576642314,0.8520045751824812,0.0010917234036496362,0.0019723826897810218,0.0030319104890510974,0.0437325307299271
89,0.06913312256934309,0.012225670109489052,0.019907291080291944,0.8548960970802929,0.001017868060072992,0.0018541927021897828,0.002891524620437959,0.04383781948905107
90,0.06819230871532829,0.01143232759854016,0.01879139103649637,0.8576466277372259,0.0009481882615328471,0.0017415309423357674,0.0027505189087591248,0.043937354525547444
91,0.0673165465182481,0.010680306795620449,0.0177392269489051,0.8602325912408763,0.00088266669729927,0.0016346872708029201,0.0025859890437956203,0.04403131401459857
92,0.06650066596350365,0.009969206255474448,0.01674015404379563,0.862669973722627,0.0008223806483941601,0.0015334816058394166,0.0024373607109489073,0.044120009489051135
93,0.06574028337956205,0.009298475672992709,0.01578582450364964,0.8649717131386863,0.0007665218687591238,0.0014372526678832114,0.0023017409547445257,0.04420370963503651
94,0.06503167053284671,0.008670283437956214,0.01486543710948906,0.867149963503649,0.000714445494014599,0.0013426372197080287,0.002178261042335764,0.044282639124087635
95,0.06437177605109487,0.008083743223357653,0.01397594672262776,0.869211562043796,0.0006654433910948898,0.001251983913868614,0.002061597006569341,0.04435696795620433
96,0.06375785039416058,0.007536140178102181,0.013119561788321155,0.8711596000000015,0.0006191975762773722,0.0011668003554744521,0.0019480361613138663,0.044426847883211655
97,0.06318719522627746,0.007024122432846714,0.01229988295620437,0.8729963605839415,0.0005756442874452557,0.0010876620525547452,0.001836751069343067,0.04449244554744521
98,0.0626571194963504,0.006544601332846729,0.011519565686131387,0.8747247656934299,0.0005347914049635041,0.0010143122328467164,0.001728416760583942,0.044553947080291936
99,0.06216494851094886,0.006095150002189787,0.010779487729927017,0.8763488598540153,0.000496613051678832,0.000946064786277374,0.0016240993562043787,0.04461154160583936
100,0.06170811418978102,0.005673928865693425,0.01007935165693431,0.8778731627737222,0.0004610167115328468,0.0008822380329927004,0.0015242935532846717,0.044665439854014576
101,0.06128417700729926,0.00527946599708029,0.009418196467153294,0.8793023328467158,0.0004278711259854009,0.000822334635912409,0.0014291598613138696,0.04471583788321166
102,0.0608908397153284,0.004910453620437961,0.008794540005109486,0.880641227737227,0.00039703008919708,0.0007660418643795616,0.0013389124124087584,0.044762928540146005
103,0.060525969868613125,0.0045656551459854,0.008206676141605846,0.8818947963503654,0.0003683370897810218,0.0007131356494890522,0.0012535599058394154,0.044806900145985415
104,0.06018758678832114,0.004243843013138684,0.007652925218248168,0.8830677160583936,0.0003416377401459852,0.0006634494194160574,0.0011729142978102172,0.04484793547445258
105,0.05987384573722633,0.003943735648905113,0.0071319105846715265,0.8841643131386843,0.0003167895467153284,0.0006168963702189779,0.0010965977591240862,0.04488619963503646
106,0.05958302024087584,0.0036636397802919727,0.006643968210948916,0.8851875072992696,0.0002936715129927014,0.0005737676144525543,0.0010232026167883224,0.04492185941605836
107,0.059313434467153245,0.003402196174452559,0.0061881085262773805,0.8861411810218981,0.00027224110102189777,0.0005336851806569352,0.0009536693315328464,0.04495507927007297
108,0.059063502963503656,0.003158272797080294,0.005762508066423358,0.8870296890510954,0.0002524073303649635,0.0004963307788321164,0.0008885158439416071,0.044986018759124065
109,0.05883175678102193,0.0029309557671532856,0.005364917578832121,0.8878575321167871,0.00023405151401459856,0.00046136900890511004,0.0008278396147445263,0.04501483211678835
110,0.05861686364963507,0.002719385737956198,0.004993171627007298,0.8886289255474454,0.00021704407357664248,0.0004286141588321172,0.0007713839542335786,0.04504165751824818
111,0.05841760539416061,0.00252267475109489,0.004645448050364956,0.88934764671533,0.00020126443759124044,0.00039797594583941537,0.0007187272218978117,0.045066624233576665
112,0.058232866547445236,0.0023398940635036484,0.004320262848905114,0.8900171197080264,0.00018661051248175186,0.0003693912109489053,0.0006694775097080286,0.0450898527007299
113,0.05806161130656929,0.002170113802189779,0.004016358171532838,0.8906404569343068,0.000172998156569343,0.00034277845459853966,0.0006233377252554746,0.04511145204379566
114,0.05790288095620439,0.002012437204379562,0.0037325883686131415,0.8912205554744534,0.0001603559944525545,0.0003180325767153289,0.0005800953269343069,0.045131535109489085
115,0.05775577568613133,0.001866022024817518,0.003467862048175182,0.8917601394160581,0.0001486195438686132,0.00029503471708029196,0.0005395849351824815,0.0451501981021897
116,0.05761945291240877,0.0017300861941605822,0.003221117275912417,0.8922618233576626,0.00013772928591240877,0.0002736652453284673,0.0005016638100729933,0.04516753678832118
117,0.05749313253284662,0.0016039073131386837,0.0029912863496350376,0.8927280248175182,0.00012762908138686148,0.0002538081842335766,0.0004662247766423356,0.04518364372262773
118,0.057376083080291976,0.001486818609489049,0.0027771608445255466,0.893161333576644,0.00011826424408759143,0.0002353527288321167,0.0004333047932846721,0.04519859956204383
119,0.05726763840145991,0.0013781947727007295,0.0025776688540145973,0.8935640102189795,0.00010957685639416052,0.00021820010883211697,0.00040267414394160684,0.04521248613138687
120,0.05716717719708029,0.0012774492870802916,0.002391856729197079,0.8939381437956205,0.00010151532773722627,0.00020226101321167892,0.0003741318131386861,0.04522537642335761
121,0.057074120036496374,0.0011840038967153264,0.0022189176766423354,0.8942856299270067,9.403433004379573e-05,0.00018747966620437975,0.00034748069489051124,0.04523733364963495
122,0.05698793461313866,0.0010973162441605857,0.0020581036474452575,0.8946082094890511,8.709521277372254e-05,0.0001737829262043796,0.0003225923821897812,0.04524842985401456
123,0.05690811475912404,0.0010168880398540134,0.00190868157810219,0.8949075890510938,8.066342781021908e-05,0.00016109179489051095,0.0002993791037956207,0.04525872094890511
124,0.05683419460583945,0.0009422674777372256,0.001769915399999999,0.8951853562043797,7.47042519708029e-05,0.00014932517262773728,0.00027776418941605836,0.04526826437956204
125,0.05676573664963495,0.0008730442757664235,0.0016410816313868605,0.8954430291970787,6.918496291970802e-05,0.00013840811916788313,0.0002576649356204379,0.045277114306569305
126,0.05670233681021891,0.0008088420954744529,0.0015214884335766436,0.8956820240875906,6.407364802919703e-05,0.00012827550099270082,0.00023898897948905089,0.04528531985401453
127,0.05664362381751829,0.0007493108429197077,0.0014104839458394176,0.895903658394159,5.933990569343051e-05,0.0001188710208029196,0.0002216420581751825,0.045292927153284666
128,0.05658924922627745,0.0006941209582481749,0.0013074633821897822,0.8961091905109482,5.4955380291970696e-05,0.00011014529131386838,0.00020553201021897773,0.045299980218978145
129,0.056538893153284635,0.0006429644237956201,0.0012118656251824808,0.8962997576642345,5.0894413576642406e-05,0.0001020504244525547,0.00019057184656934314,0.04530651773722619
130,0.05649225837956208,0.0005955523248175181,0.001123174581240878,0.8964764372262783,4.7132868029197066e-05,9.454547520437949e-05,0.00017667851401459886,0.045312576277372243
131,0.05644907186861318,0.0005516136970802912,0.001040908293649635,0.896640215328468,4.36488606569343e-05,8.75881389781021e-05,0.00016377606328467172,0.04531819379562042
132,0.056409078357664226,0.000510895694890511,0.0009646184500729937,0.8967920043795629,4.0422504671532856e-05,8.114041656934312e-05,0.00015179640781021883,0.04532339897810219
133,0.05637204300000008,0.0004731666554744532,0.0008938732135766425,0.8969326868613139,3.743484507299267e-05,7.516355700729922e-05,0.00014068812766423368,0.04532822226277371
134,0.05633774356204384,0.00043821206569343013,0.0008282662451824821,0.8970630905109486,3.466792540145979e-05,6.962206883211685e-05,0.00013039040496350376,0.04533269226277376
135,0.056305978810219,0.0004058331693430658,0.0007674221393430647,0.8971839262773716,3.2105239270073e-05,6.448433343065689e-05,0.00012084554999999994,0.0453368328467153
136,0.05627656499270076,0.00037584192846715274,0.0007109966991970796,0.8972959248175173,2.9731131240875972e-05,5.972239503649633e-05,0.00011199468788321192,0.045340669343065666
137,0.05624932693430659,0.00034806350656934254,0.0006586747182481746,0.897399718248175,2.75319009124088e-05,5.531027503649637e-05,0.00010378422570802908,0.045344225547445244
138,0.05622410397810211,0.000322334951240876,0.0006101645189781032,0.8974958788321175,2.5494455408759172e-05,5.122302394160578e-05,9.616741386861329e-05,0.04534751883211681
139,0.05620074944525545,0.00029850453153284687,0.0005651969540146001,0.897584970802922,2.3607323255474464e-05,4.743775802919709e-05,8.910143153284677e-05,0.04535057043795622
140,0.0561791239562043,0.0002764323832116786,0.0005235204116788334,0.897667521167885,2.1859340540146e-05,4.3931543649635e-05,8.254809861313867e-05,0.04535339649635035
141,0.05615909892700732,0.0002559874952554744,0.00048489943153284706,0.8977440000000005,2.0240605605839442e-05,4.06846445693431e-05,7.64716597080291e-05,0.045356012408759035
142,0.05614055838686122,0.0002370531517518251,0.00044911238919707967,0.8978148364963515,1.874157678832118e-05,3.767651489051099e-05,7.08395225547445e-05,0.045358437080292
143,0.05612338997810226,0.00021951641226277373,0.0004159523753284671,0.8978804656934304,1.7353315058394163e-05,3.4890801240875934e-05,6.561939591240884e-05,0.045360681313868625
144,0.056107493175182495,0.00020327441817518272,0.00038522810452554733,0.8979412350364961,1.6067951518248163e-05,3.231092562043798e-05,6.078205218978104e-05,0.04536276248175177
145,0.05609277379562044,0.00018823228072992678,0.000356763584744526,0.8979975474452542,1.487754935766423e-05,2.992070591240873e-05,5.629904554744517e-05,0.045364691021897774
146,0.0560791461313868,0.000174300302919708,0.00033039393080292004,0.8980496832116776,1.3775290072992676e-05,2.7707670218978153e-05,5.2143937956204336e-05,0.0453664752554744
147,0.056066528489050964,0.0001613971281021896,0.00030596914897810243,0.8980979781021897,1.2754611824817524e-05,2.5657777423357652e-05,4.829319635036496e-05,0.04536812766423353
148,0.05605484557664231,0.0001494462953722626,0.0002833463628467153,0.8981426948905104,1.1809610182481758e-05,2.3759538868613144e-05,4.472545058394161e-05,0.045369659124087615
149,0.056044031364963505,0.00013837821708029206,0.00026239499671532827,0.89818412919708,1.0934672591240885e-05,2.2001690131386857e-05,4.1419785985401503e-05,0.0453710748175183
150,0.05603401512408752,0.00012812871065693456,0.0002429888773722632,0.8982224686131389,1.0124508635036504e-05,2.0373273700729957e-05,3.835783686131384e-05,0.0453723871532846
151,0.056024742459854025,0.00011863676802919706,0.00022501577481751856,0.8982580007299276,9.374561051094864e-06,1.8865099547445235e-05,3.552190284671528e-05,0.04537360211678827
152,0.05601615857664244,0.00010984718386861296,0.00020836905372262766,0.8982908934306556,8.679952255474443e-06,1.7467712328467127e-05,3.289518875912416e-05,0.04537472846715325
153,0.05600820759854014,0.00010170947583941603,0.0001929520870072993,0.8983213583941614,8.037226627737238e-06,1.617329989051096e-05,3.04630074890511e-05,0.04537577029197078
154,0.05600084770802924,9.417401540145993e-05,0.00017867314576642323,0.8983495744525548,7.4416956642335894e-06,1.4975778678832087e-05,2.820950802919708e-05,0.045376734306569314
155,0.05599403285401451,8.719734226277366e-05,0.00016544928642335747,0.8983756861313869,6.890480744525546e-06,1.3866705510948894e-05,2.6123286722627707e-05,0.045377628248175164
156,0.05598771862773716,8.07382839416058e-05,0.00015320333299270102,0.8983998810218975,6.380043868613138e-06,1.2839669576642357e-05,2.4189560116788334e-05,0.04537845459854024
157,0.055981875160584026,7.475880459854035e-05,0.0001418609045255474,0.8984222912408751,5.907409817518256e-06,1.1889012437956212e-05,2.2400592072992737e-05,0.0453792213138686
158,0.0559764598613138,6.922304233576647e-05,0.00013135794262773712,0.8984430218978123,5.469673678832121e-06,1.100818475182481e-05,2.0742887722627733e-05,0.045379931094890504
159,0.05597144575182491,6.409753773722623e-05,0.00012163188430656916,0.898462239416058,5.064382218978109e-06,1.0192998270072993e-05,1.9208145094890505e-05,0.04538058868613141
160,0.055966805277372196,5.935164861313865e-05,0.00011262662489051107,0.898480014598539,4.689451204379554e-06,9.43842790510948e-06,1.7785840963503658e-05,0.04538119642335758
161,0.05596250796350365,5.4957127372262825e-05,0.00010428470328467169,0.8984964941605837,4.341878781021894e-06,8.739167583941599e-06,1.646996280291972e-05,0.04538176145985394
162,0.05595852726277369,5.0888695255474325e-05,9.65600156204378e-05,0.8985117467153289,4.020214299270074e-06,8.09175167883213e-06,1.5251538416058378e-05,0.045382281094890474
163,0.05595484168613142,4.712188051094895e-05,8.94095208759123e-05,0.8985258744525567,3.7224284890510973e-06,7.492382897810218e-06,1.4121186554744501e-05,0.04538276401459854
164,0.05595143001459853,4.363418686131386e-05,8.278542686131381e-05,0.8985389503649643,3.446551102189783e-06,6.937584532846732e-06,1.3074723978102195e-05,0.045383213576642364
165,0.0559482688029197,4.040429394160584e-05,7.665589343065711e-05,0.898551045985401,3.1912770875912407e-06,6.423969883211688e-06,1.2106765233576654e-05,0.045383626131386794
166,0.05594534354744526,3.7414090437956194e-05,7.09810499999998e-05,0.8985622540145973,2.9548369708029234e-06,5.947949627737223e-06,1.1211489576642323e-05,0.04538400642335759
167,0.05594263427737225,3.464452481751823e-05,6.572341226277366e-05,0.8985726372262761,2.736146496350367e-06,5.508152802919718e-06,1.038043400000002e-05,0.045384362189781056
168,0.055940126058394074,3.2079705255474486e-05,6.0853646277372216e-05,0.898582237226278,2.5334714233576632e-06,5.1005907080292e-06,9.610377021897801e-06,0.045384694160583876
169,0.05593780238686122,2.9704486423357684e-05,5.634745627737224e-05,0.8985911350364961,2.345924328467155e-06,4.7227080437956225e-06,8.899486291970802e-06,0.04538499810218985
170,0.05593565240145988,2.750505733576641e-05,5.217751518248184e-05,0.8985993832116791,2.172080722627736e-06,4.373398182481744e-06,8.241723554744504e-06,0.04538527759124084
171,0.05593365905839409,2.546891008029196e-05,4.831565467153288e-05,0.8986070175182471,2.011332014598544e-06,4.049795532846719e-06,7.631579364963508e-06,0.04538553474452545
172,0.05593181578832115,2.358181140875913e-05,4.473905839416063e-05,0.8986141021897809,1.8624652846715311e-06,3.7509716277372213e-06,7.066010781021892e-06,0.04538577715328469
173,0.055930110795620505,2.183456009489052e-05,4.142388248175182e-05,0.8986206138686134,1.7246637080291973e-06,3.4726148175182464e-06,6.543066364963502e-06,0.04538600240875916
174,0.055928528656934325,2.0217567810218955e-05,3.8349924452554765e-05,0.8986267065693427,1.5967616423357654e-06,3.2149214598540146e-06,6.058087350364964e-06,0.045386217153284704
175,0.055927066525547464,1.872036447445256e-05,3.5502909854014565e-05,0.8986323102189777,1.4782524379562039e-06,2.9767749197080223e-06,5.6088187153284775e-06,0.045386415182481724
176,0.05592571213868611,1.733399595620437e-05,3.287352102189788e-05,0.8986374839416049,1.368664642335767e-06,2.755891270072991e-06,5.192191715328469e-06,0.04538659306569345
177,0.055924455554744436,1.604989710218981e-05,3.0447651459853993e-05,0.8986422948905105,1.2672257737226293e-06,2.552507999999997e-06,4.809000562043794e-06,0.04538674927007308
178,0.05592329206569349,1.4861220080291944e-05,2.820225083941605e-05,0.898646769343066,1.1739488321167885e-06,2.3637854014598495e-06,4.455726883211676e-06,0.045386891970802944
179,0.055922214430656945,1.3761196116788334e-05,2.612357923357665e-05,0.8986508678832117,1.087148861313869e-06,2.188349693430656e-06,4.125262094890511e-06,0.0453870220437956
180,0.05592121620437944,1.2743431518248171e-05,2.4196218197080304e-05,0.8986547051094901,1.007131722627736e-06,2.026104540145987e-06,3.820859664233581e-06,0.04538714576642338
181,0.05592029288321171,1.1801106759124093e-05,2.2405924321167908e-05,0.898658232116789,9.328484744525525e-07,1.8760279781021875e-06,3.5379349416058383e-06,0.045387263868613144
182,0.05591943789051082,1.0928366569343074e-05,2.0740361328467165e-05,0.8986615167883231,8.639052116788311e-07,1.737216021897807e-06,3.2760199124087687e-06,0.045387380000000054
183,0.05591864918248169,1.011973332846716e-05,1.9192213919708037e-05,0.8986645489051096,7.996168321167874e-07,1.6088699124087604e-06,3.0324327810219045e-06,0.045387495547445304
184,0.05591791654744523,9.370009204379573e-06,1.77545186642336e-05,0.8986673496350369,7.400227518248181e-07,1.4897605474452518e-06,2.8061093576642344e-06,0.045387606934306546
185,0.05591724194890511,8.67513402189782e-06,1.6420615525547417e-05,0.898669946715329,6.846798613138676e-07,1.3789946204379533e-06,2.5959560437956237e-06,0.04538771562043795
186,0.055916617854014576,8.031123627737216e-06,1.518444965693431e-05,0.8986723394160582,6.332836642335759e-07,1.2760186058394132e-06,2.4001321021897874e-06,0.045387819197080286
187,0.05591604224087591,7.434156948905105e-06,1.4040782773722581e-05,0.8986745686131391,5.854781021897812e-07,1.1814037445255457e-06,2.2195159270073048e-06,0.04538791620437955
188,0.05591550926277373,6.88112507299271e-06,1.2985900299270071e-05,0.898676618978102,5.414746204379561e-07,1.0932523576642319e-06,2.051527058394167e-06,0.04538800635036498
189,0.05591501620437946,6.36826077372262e-06,1.20169041970803e-05,0.8986785116788315,5.009269999999991e-07,1.012150240875911e-06,1.897709832116794e-06,0.04538808226277371
190,0.05591455956934309,5.893286452554741e-06,1.1131292467153296e-05,0.8986802788321177,4.634670802919696e-07,9.362958832116746e-07,1.7573812627737243e-06,0.04538814248175181
191,0.055914135423357686,5.454353978102184e-06,1.0326269722627729e-05,0.8986819116788326,4.293937007299262e-07,8.668218978102179e-07,1.6295983795620485e-06,0.04538818218978101
192,0.05591373960583933,5.047813927007295e-06,9.591010072992711e-06,0.898683397080292,3.981624087591241e-07,8.034152481751817e-07,1.5117448175182524e-06,0.04538820686131383
193,0.055913371671532916,4.6732275985401435e-06,8.911959525547435e-06,0.8986848233576624,3.7000416788321235e-07,7.44606072992701e-07,1.40768380291971e-06,0.04538822160583938
194,0.055913025635036376,4.327927204379567e-06,8.286292562043778e-06,0.8986861394160571,3.439047153284662e-07,6.907375401459846e-07,1.3077457810219e-06,0.045388229635036484
195,0.05591270508029202,4.009531489051095e-06,7.704741160583941e-06,0.8986873328467139,3.1971054744525485e-07,6.402231094890504e-07,1.2170299051094901e-06,0.045388234087591225
196,0.05591240488321175,3.7168938321167834e-06,7.161335437956209e-06,0.8986884635036482,2.972647956204377e-07,5.926125182481762e-07,1.1326240729926998e-06,0.045388237153284654
197,0.05591212534306568,3.4473856934306573e-06,6.655241861313868e-06,0.8986895182481743,2.7616733576642324e-07,5.491437299270074e-07,1.0522007956204363e-06,0.04538824014598537
198,0.055911864708029245,3.1986726496350403e-06,6.18192848175183e-06,0.8986904941605843,2.5673872992700726e-07,5.097582700729924e-07,9.805534014598519e-07,0.0453882427007299
199,0.05591162005839406,2.9694806934306627e-06,5.7394750729927074e-06,0.8986914240875901,2.385036496350359e-07,4.732266058394144e-07,9.141763649635012e-07,0.0453882439416058
200,0.055911395262773646,2.756584656934307e-06,5.329761109489051e-06,0.898692275182482,2.2140804379561968e-07,4.397552116788309e-07,8.483888832116765e-07,0.045388244817518214
201,0.05591118251094898,2.558972124087597e-06,4.948945802919709e-06,0.8986930605839413,2.05518248175182e-07,4.0804005109489e-07,7.88176547445255e-07,0.04538824532846712
202,0.055910989620437945,2.375643394160582e-06,4.591853999999989e-06,0.8986937978102193,1.9092181751824792e-07,3.782446569343068e-07,7.350371897810212e-07,0.04538824562043792
203,0.055910808262773705,2.2052958613138706e-06,4.258837116788318e-06,0.8986944890510937,1.771781532846711e-07,3.5115169343065677e-07,6.840517883211675e-07,0.04538824576642332
204,0.05591063983211679,2.0480049708029175e-06,3.951094627737222e-06,0.8986951102189793,1.642282189781013e-07,3.2523443795620396e-07,6.32925832116788e-07,0.045388245839416023
205,0.055910483518248205,1.9025506277372235e-06,3.670612708029195e-06,0.8986956854014603,1.5240664963503584e-07,3.0234306569343066e-07,5.828176861313869e-07,0.045388245839416023
206,0.05591033705839419,1.7672871313868618e-06,3.4119584379562024e-06,0.8986962386861306,1.416707372262772e-07,2.818376131386866e-07,5.40491883211679e-07,0.045388245839416023
207,0.05591019914598544,1.6423142189781024e-06,3.169951197080296e-06,0.8986967467153278,1.316527737226273e-07,2.623556131386863e-07,5.043628540145984e-07,0.045388245839416023
208,0.05591006940875901,1.5280411021897829e-06,2.9442466131386852e-06,0.8986972138686131,1.2234126277372221e-07,2.44072277372262e-07,4.6977686131386865e-07,0.045388245839416023
209,0.05590994660583953,1.4238010948905126e-06,2.735258226277374e-06,0.89869766350365,1.1352938686131339e-07,2.2733348905109407e-07,4.3632187591240865e-07,0.045388245839416023
210,0.05590983088321163,1.3277224525547472e-06,2.543146000000002e-06,0.8986980379562052,1.0555474452554702e-07,2.121290364963495e-07,4.042412627737215e-07,0.045388245839416023
211,0.05590972187591241,1.2378600656934336e-06,2.3720884525547487e-06,0.8986984343065689,9.809278102189763e-08,1.985470510948899e-07,3.69604598540146e-07,0.045388245839416023
212,0.05590962082481748,1.1547052043795635e-06,2.219741313868615e-06,0.8986987656934299,9.148872992700689e-08,1.8539558394160584e-07,3.3774272262773795e-07,0.045388245839416023
213,0.055909524664233504,1.078406620437955e-06,2.0792576788321177e-06,0.8986990751824813,8.553856934306507e-08,1.7310948905109413e-07,3.135931240875928e-07,0.045388245839416023
214,0.05590943216058396,1.008702737226278e-06,1.9480599708029177e-06,0.8986993554744531,8.013868613138648e-08,1.6151378102189697e-07,2.9271148905109624e-07,0.045388245839416023
215,0.055909344328467156,9.444253649635021e-07,1.8233613649635032e-06,0.8986996518248181,7.50218978102188e-08,1.5118978102189733e-07,2.758883868613146e-07,0.045388245839416023
216,0.05590926197080294,8.852519124087597e-07,1.7041608978102195e-06,0.8986999072992706,7.05019197080293e-08,1.4150748905109467e-07,2.6070795620437926e-07,0.045388245839416023
217,0.055909184941605884,8.300910218978104e-07,1.5891260583941588e-06,0.898700151824818,6.578989781021918e-08,1.323940875912407e-07,2.47428927007298e-07,0.045388245839416023
218,0.05590911288321165,7.780621605839419e-07,1.477852357664234e-06,0.8987003788321164,6.150921897810246e-08,1.2394354744525492e-07,2.352172481751806e-07,0.045388245839416023
219,0.05590904543065693,7.287665766423362e-07,1.3713875766423336e-06,0.898700602919708,5.721167883211703e-08,1.1598171532846664e-07,2.2244649635036338e-07,0.045388245839416023
220,0.055908984839416045,6.815819854014607e-07,1.2710904160583917e-06,0.8987008189781026,5.309278102189817e-08,1.087429489051092e-07,2.0904010948904934e-07,0.045388245839416023
221,0.05590892745985401,6.368411459854013e-07,1.1775359927007271e-06,0.8987010175182495,4.9094890510949235e-08,1.0182843065693398e-07,1.9538285401459763e-07,0.045388245839416023
222,0.05590887431386864,5.95175335766424e-07,1.0922475547445225e-06,0.8987011905109513,4.5646328467153516e-08,9.532116788321158e-08,1.8060960583941544e-07,0.045388245839416023
223,0.05590882380291976,5.556826715328468e-07,1.0177221532846685e-06,0.8987013715328483,4.205839416058398e-08,8.933576642335763e-08,1.638611678832115e-07,0.045388245839416023
224,0.05590877562773718,5.197062992700723e-07,9.568424014598521e-07,0.8987015138686142,3.9328467153284634e-08,8.33300437956204e-08,1.4420979562043789e-07,0.045388245839416023
225,0.05590873102919703,4.875198248175168e-07,9.11043167883211e-07,0.8987016270072997,3.6905109489051e-08,7.785559124087606e-08,1.2365482481751835e-07,0.045388245839416023
226,0.055908686284671515,4.5856024087591314e-07,8.772987956204363e-07,0.8987017277372272,3.4852211678831975e-08,7.301459854014635e-08,1.0675897080292022e-07,0.045388245839416023
227,0.05590864475182485,4.324523284671524e-07,8.525907664233561e-07,0.8987018182481757,3.3350364963503526e-08,6.910791240875969e-08,9.381594160584036e-08,0.045388245839416023
228,0.05590860292700731,4.0928602189780955e-07,8.328832116788289e-07,0.8987019051094892,3.229354744525539e-08,6.534306569343132e-08,8.505062043795732e-08,0.045388245839416023
229,0.05590855832846709,3.8908894160583796e-07,8.15403036496348e-07,0.898701991970804,3.159124087591236e-08,6.192700729927067e-08,7.940718248175297e-08,0.045388245839416023
230,0.055908519642335675,3.721692335766403e-07,7.978774890510919e-07,0.8987020729927012,3.0919708029197035e-08,5.8255474452555304e-08,7.578102189781131e-08,0.045388245839416023
231,0.055908476868613034,3.583044598540116e-07,7.78773496350362e-07,0.8987021423357664,3.033208029197078e-08,5.470780291970854e-08,7.381179562043897e-08,0.045388245839416023
232,0.055908437963503685,3.465145620437932e-07,7.581968540145969e-07,0.8987022021897809,2.965693430656933e-08,5.202919708029245e-08,7.26058394160594e-08,0.045388245839416023
233,0.05590839942335773,3.364342700729909e-07,7.363047664233559e-07,0.8987022802919714,2.89343065693431e-08,4.9693430656934665e-08,7.158551824817614e-08,0.045388245839416023
234,0.05590835796350372,3.279306204379549e-07,7.131514817518229e-07,0.8987023562043804,2.8138686131386937e-08,4.7262773722627916e-08,7.04160583941615e-08,0.045388245839416023
235,0.05590832088321163,3.2110800729926925e-07,6.887171386861321e-07,0.8987024386861322,2.7374467153284797e-08,4.4923321167883205e-08,6.935766423357758e-08,0.045388245839416023
236,0.055908283802919706,3.153452700729921e-07,6.638266277372273e-07,0.8987024948905113,2.6656934306569504e-08,4.343795620437945e-08,6.832846715328558e-08,0.045388245839416023
237,0.05590824584671533,3.1017706569343033e-07,6.389361167883213e-07,0.898702555474453,2.5831795620438115e-08,4.224087591240856e-08,6.713138686131473e-08,0.045388245839416023
238,0.055908210883211754,3.051551678832118e-07,6.143448759124095e-07,0.8987026270073001,2.472992700729945e-08,4.1343065693430404e-08,6.59343065693439e-08,0.045388245839416023
239,0.05590817453284681,3.0011137226277467e-07,5.907741240875911e-07,0.8987026854014614,2.355474452554758e-08,4.075041605839387e-08,6.432116788321243e-08,0.045388245839416023
240,0.055908137598540186,2.951455912408776e-07,5.688507299270063e-07,0.8987027481751833,2.2521861313868697e-08,4.030288321167854e-08,6.222627737226353e-08,0.045388245839416023
241,0.05590810387591245,2.9040868613138896e-07,5.491718978102189e-07,0.8987028124087608,2.1810218978102225e-08,4.0065693430656645e-08,5.97445255474459e-08,0.045388245839416023
242,0.055908066576642254,2.862554014598566e-07,5.323835766423351e-07,0.898702862773724,2.121167883211678e-08,3.99124087591238e-08,5.6700729927007875e-08,0.045388245839416023
243,0.05590803183211674,2.8269335766423614e-07,5.184729708029209e-07,0.8987029167883226,2.057664233576639e-08,3.9693430656934026e-08,5.3604036496350864e-08,0.045388245839416023
244,0.05590799635766417,2.7978824817518514e-07,5.068488467153291e-07,0.8987029671532861,2.0138686131386803e-08,3.950726277372236e-08,5.113138686131432e-08,0.045388245839416023
245,0.05590795664963504,2.772225912408789e-07,4.971846131386876e-07,0.8987030218978119,1.9751824817518174e-08,3.932116788321141e-08,4.898540145985434e-08,0.045388245839416023
246,0.055907921248175195,2.749890145985433e-07,4.896517664233575e-07,0.8987030766423376,1.952554744525539e-08,3.918978102189753e-08,4.672262773722647e-08,0.045388245839416023
247,0.05590788365693434,2.731292773722659e-07,4.840934087591237e-07,0.8987031167883232,1.9337343065693337e-08,3.90218978102187e-08,4.458025547445252e-08,0.045388245839416023
248,0.055907847525547526,2.716402262773752e-07,4.797576423357656e-07,0.8987031613138695,1.9226277372262677e-08,3.8846715328466866e-08,4.31824817518247e-08,0.045388245839416023
249,0.055907810153284714,2.704249343065723e-07,4.764400875912403e-07,0.8987032021897817,1.9145985401459752e-08,3.874813868613109e-08,4.2065693430656735e-08,0.045388245839416023
250,0.055907770445255495,2.6939573722628036e-07,4.7387074452554704e-07,0.8987032430656949,1.911678832116778e-08,3.8656934306569055e-08,4.1226277372262524e-08,0.045388245839416023
251,0.05590773351094889,2.684979270073022e-07,4.717204452554739e-07,0.8987032861313884,1.9087591240875812e-08,3.8534423357663936e-08,4.068472262773693e-08,0.045388245839416023
252,0.05590769635766431,2.677372262773751e-07,4.6990661313868566e-07,0.8987033284671548,1.9043795620437856e-08,3.845255474452525e-08,4.026638686131358e-08,0.045388245839416023
253,0.05590765956934309,2.669927007299299e-07,4.6821318248175135e-07,0.898703358394162,1.895620437956194e-08,3.8343065693430364e-08,4.003649635036468e-08,0.045388245839416023
254,0.0559076217591241,2.663138686131416e-07,4.6653435036496314e-07,0.8987033963503661,1.893430656934296e-08,3.8226277372262483e-08,3.9905109489050815e-08,0.045388245839416023
255,0.055907582124087536,2.6566423357664517e-07,4.650088029197074e-07,0.8987034401459865,1.888321167883201e-08,3.8160583941605555e-08,3.968613138686103e-08,0.045388245839416023
256,0.05590754570072988,2.6508759124087875e-07,4.6358183211678774e-07,0.8987034810218992,1.8854014598540032e-08,3.8080291970802637e-08,3.950726277372236e-08,0.045388245839416023
257,0.05590750869343063,2.646423357664262e-07,4.622387664233574e-07,0.8987035160583955,1.883941605839405e-08,3.797810218978075e-08,3.932116788321141e-08,0.045388245839416023
258,0.05590747219708032,2.642189781021926e-07,4.6093219708029154e-07,0.8987035496350374,1.8810218978102075e-08,3.788321167883185e-08,3.918978102189753e-08,0.045388245839416023
259,0.05590743394890514,2.6389051094890794e-07,4.5970591970802886e-07,0.8987035948905127,1.8781021897810102e-08,3.779562043795595e-08,3.90218978102187e-08,0.045388245839416023
260,0.055907394824817505,2.6362773722628023e-07,4.5860372992700717e-07,0.8987036386861328,1.877372262773711e-08,3.7744525547445006e-08,3.8846715328466866e-08,0.045388245839416023
261,0.055907358255474396,2.6338686131387147e-07,4.5757821897810224e-07,0.8987036795620451,1.8759124087591127e-08,3.7722627737226034e-08,3.874813868613109e-08,0.045388245839416023
262,0.05590732124817512,2.631824817518276e-07,4.566147153284674e-07,0.8987037182481763,1.874452554744514e-08,3.769343065693407e-08,3.8656934306569055e-08,0.045388245839416023
263,0.05590728475182486,2.630291970802948e-07,4.557226277372262e-07,0.8987037540145997,1.8737226277372145e-08,3.7642335766423116e-08,3.8534423357663936e-08,0.045388245839416023
264,0.05590724650364966,2.62875912408762e-07,4.5489051094890525e-07,0.8987037927007312,1.8729927007299154e-08,3.7620437956204144e-08,3.845255474452525e-08,0.045388245839416023
265,0.055907207525547446,2.627226277372291e-07,4.5414598540145997e-07,0.8987038262773732,1.8708029197080175e-08,3.7598540145985166e-08,3.8343065693430364e-08,0.045388245839416023
266,0.05590717102919706,2.625620437956233e-07,4.5350364963503646e-07,0.8987038576642348,1.8693430656934192e-08,3.758394160583918e-08,3.8226277372262483e-08,0.045388245839416023
267,0.055907134021897786,2.6243795620438234e-07,4.528759124087591e-07,0.8987038963503663,1.86861313868612e-08,3.753284671532823e-08,3.8160583941605555e-08,0.045388245839416023
268,0.05590709730656935,2.6233576642336046e-07,4.523138686131388e-07,0.8987039379562052,1.86861313868612e-08,3.751824817518225e-08,3.8080291970802637e-08,0.045388245839416023
269,0.05590705956934316,2.6223357664233853e-07,4.5184671532846726e-07,0.8987039751824827,1.867883211678821e-08,3.751094890510926e-08,3.797810218978075e-08,0.045388245839416023
270,0.05590702037226287,2.6213138686131665e-07,4.514525547445256e-07,0.898704020437957,1.867883211678821e-08,3.748905109489028e-08,3.788321167883185e-08,0.045388245839416023
271,0.055906984021897844,2.620291970802947e-07,4.511313868613139e-07,0.8987040649635047,1.867883211678821e-08,3.747445255474429e-08,3.779562043795595e-08,0.045388245839416023
272,0.05590694708759114,2.6193430656934587e-07,4.5084671532846724e-07,0.8987041036496364,1.867883211678821e-08,3.745985401459831e-08,3.7744525547445006e-08,0.045388245839416023
273,0.0559069105182481,2.6184671532846993e-07,4.505693430656936e-07,0.8987041379562062,1.8671532846715217e-08,3.7445255474452324e-08,3.7722627737226034e-08,0.045388245839416023
274,0.055906872781021834,2.61766423357667e-07,4.503065693430658e-07,0.8987041708029216,1.8671532846715217e-08,3.743065693430634e-08,3.769343065693407e-08,0.045388245839416023
275,0.05590683358394162,2.616934306569371e-07,4.500875912408761e-07,0.8987042087591259,1.8671532846715217e-08,3.742335766423335e-08,3.7642335766423116e-08,0.045388245839416023
276,0.05590679716058395,2.6163503649635315e-07,4.498759124087592e-07,0.8987042481751845,1.8671532846715217e-08,3.740875912408736e-08,3.7620437956204144e-08,0.045388245839416023
277,0.055906760372262804,2.615766423357692e-07,4.4968613138686143e-07,0.8987042861313886,1.8671532846715217e-08,3.740875912408736e-08,3.7598540145985166e-08,0.045388245839416023
278,0.0559067238029198,2.6150364963503924e-07,4.4950364963503664e-07,0.8987043211678851,1.865693430656923e-08,3.740145985401437e-08,3.758394160583918e-08,0.045388245839416023
279,0.05590668599270077,2.6144525547445534e-07,4.493503649635038e-07,0.8987043503649655,1.864963503649624e-08,3.737956204379539e-08,3.753284671532823e-08,0.045388245839416023
280,0.05590664694160585,2.6140145985401737e-07,4.4919708029197106e-07,0.8987043905109511,1.864963503649624e-08,3.7364963503649406e-08,3.751824817518225e-08,0.045388245839416023
281,0.05590661044525542,2.613649635036524e-07,4.4904379562043814e-07,0.8987044335766443,1.864963503649624e-08,3.735766423357642e-08,3.751094890510926e-08,0.045388245839416023
282,0.05590657372992702,2.613284671532874e-07,4.4891240875912434e-07,0.8987044671532866,1.864963503649624e-08,3.735766423357642e-08,3.748905109489028e-08,0.045388245839416023
283,0.055906537233576636,2.6129927007299544e-07,4.487737226277375e-07,0.898704504379564,1.864963503649624e-08,3.733576642335744e-08,3.747445255474429e-08,0.045388245839416023
284,0.055906499496350376,2.6127007299270346e-07,4.4864233576642355e-07,0.8987045481751842,1.864963503649624e-08,3.732846715328445e-08,3.745985401459831e-08,0.045388245839416023
285,0.05590646044525547,2.6124087591241153e-07,4.485255474452557e-07,0.8987045846715345,1.864963503649624e-08,3.732846715328445e-08,3.7445255474452324e-08,0.045388245839416023
286,0.05590642394890512,2.6121167883211955e-07,4.484233576642338e-07,0.8987046270073011,1.864963503649624e-08,3.732846715328445e-08,3.743065693430634e-08,0.045388245839416023
287,0.05590638716058395,2.611897810219006e-07,4.483211678832119e-07,0.8987046642335789,1.864963503649624e-08,3.7321167883211456e-08,3.742335766423335e-08,0.045388245839416023
288,0.05590635073722631,2.611678832116816e-07,4.4823357664233593e-07,0.8987047007299295,1.864963503649624e-08,3.7321167883211456e-08,3.740875912408736e-08,0.045388245839416023
289,0.05590631300000003,2.6114598540146257e-07,4.481459854014601e-07,0.8987047445255503,1.864963503649624e-08,3.7321167883211456e-08,3.740875912408736e-08,0.045388245839416023
290,0.05590627394890503,2.611240875912436e-07,4.4806569343065723e-07,0.8987047722627761,1.864963503649624e-08,3.7321167883211456e-08,3.740145985401437e-08,0.045388245839416023
291,0.055906237452554665,2.6110218978102465e-07,4.480072992700733e-07,0.8987048014598565,1.864963503649624e-08,3.7321167883211456e-08,3.737956204379539e-08,0.045388245839416023
292,0.05590620066423352,2.6109489051095163e-07,4.4794890510948926e-07,0.898704842335769,1.864963503649624e-08,3.7306569343065466e-08,3.7364963503649406e-08,0.045388245839416023
293,0.055906164240875925,2.6109489051095163e-07,4.4789051094890535e-07,0.8987048781021926,1.864963503649624e-08,3.729927007299248e-08,3.735766423357642e-08,0.045388245839416023
294,0.05590612650364966,2.6109489051095163e-07,4.4783211678832145e-07,0.8987049182481779,1.864963503649624e-08,3.729927007299248e-08,3.735766423357642e-08,0.045388245839416023
295,0.05590608745255479,2.6108759124087866e-07,4.4779562043795655e-07,0.898704963503652,1.8642335766423247e-08,3.729927007299248e-08,3.733576642335744e-08,0.045388245839416023
296,0.055906050956204385,2.610802919708057e-07,4.477664233576645e-07,0.8987050007299296,1.8642335766423247e-08,3.729927007299248e-08,3.732846715328445e-08,0.045388245839416023
297,0.05590601416788319,2.6107299270073267e-07,4.4773722627737254e-07,0.8987050350364988,1.8642335766423247e-08,3.729927007299248e-08,3.732846715328445e-08,0.045388245839416023
298,0.055905977817518236,2.610656934306597e-07,4.4770802919708056e-07,0.8987050715328488,1.8642335766423247e-08,3.729927007299248e-08,3.732846715328445e-08,0.045388245839416023
299,0.055905940080292066,2.610583941605867e-07,4.476861313868616e-07,0.8987051007299289,1.8642335766423247e-08,3.729927007299248e-08,3.7321167883211456e-08,0.045388245839416023
300,0.055905900956204506,2.6105109489051366e-07,4.476569343065696e-07,0.8987051430656954,1.8642335766423247e-08,3.729197080291948e-08,3.7321167883211456e-08,0.045388245839416023
301,0.05590586453284675,2.610437956204407e-07,4.476277372262777e-07,0.8987051744525566,1.8642335766423247e-08,3.729197080291948e-08,3.7321167883211456e-08,0.045388245839416023
302,0.05590582774452545,2.610364963503677e-07,4.475985401459856e-07,0.8987052160583963,1.8642335766423247e-08,3.729197080291948e-08,3.7321167883211456e-08,0.045388245839416023
303,0.0559057913941605,2.610291970802947e-07,4.475693430656937e-07,0.8987052503649655,1.8642335766423247e-08,3.729197080291948e-08,3.7321167883211456e-08,0.045388245839416023
304,0.055905753656934246,2.6102189781022173e-07,4.475547445255477e-07,0.8987052839416071,1.8642335766423247e-08,3.729197080291948e-08,3.7306569343065466e-08,0.045388245839416023
305,0.05590571453284671,2.610145985401487e-07,4.475474452554748e-07,0.8987053284671547,1.8642335766423247e-08,3.729197080291948e-08,3.729927007299248e-08,0.045388245839416023
306,0.055905678109489064,2.6100729927007574e-07,4.475401459854017e-07,0.8987053627737241,1.8642335766423247e-08,3.729197080291948e-08,3.729927007299248e-08,0.045388245839416023
307,0.05590564132116791,2.610000000000028e-07,4.475328467153287e-07,0.8987054000000017,1.8642335766423247e-08,3.729197080291948e-08,3.729927007299248e-08,0.045388245839416023
308,0.05590560497080296,2.6099270072992975e-07,4.4752554744525576e-07,0.8987054372262788,1.8642335766423247e-08,3.729197080291948e-08,3.729927007299248e-08,0.045388245839416023
309,0.055905567233576633,2.6099270072992975e-07,4.475109489051098e-07,0.8987054759124102,1.8642335766423247e-08,3.7284671532846494e-08,3.729927007299248e-08,0.045388245839416023
310,0.05590552810948908,2.6099270072992975e-07,4.474963503649638e-07,0.8987055175182495,1.8642335766423247e-08,3.7284671532846494e-08,3.729927007299248e-08,0.045388245839416023
311,0.0559054916861314,2.6099270072992975e-07,4.474817518248178e-07,0.8987055613138691,1.8642335766423247e-08,3.7284671532846494e-08,3.729927007299248e-08,0.045388245839416023
312,0.05590545489781027,2.6099270072992975e-07,4.474744525547449e-07,0.8987055956204386,1.8642335766423247e-08,3.7284671532846494e-08,3.729197080291948e-08,0.045388245839416023
313,0.05590541854744527,2.6099270072992975e-07,4.4746715328467186e-07,0.8987056335766431,1.8642335766423247e-08,3.7284671532846494e-08,3.729197080291948e-08,0.045388245839416023
314,0.055905380810219,2.6099270072992975e-07,4.474598540145988e-07,0.8987056693430664,1.8642335766423247e-08,3.7284671532846494e-08,3.729197080291948e-08,0.045388245839416023
315,0.05590534168613138,2.6099270072992975e-07,4.4745255474452587e-07,0.8987056978102197,1.8642335766423247e-08,3.7284671532846494e-08,3.729197080291948e-08,0.045388245839416023
316,0.05590530526277371,2.6099270072992975e-07,4.4744525547445285e-07,0.8987057284671539,1.8642335766423247e-08,3.7284671532846494e-08,3.729197080291948e-08,0.045388245839416023
317,0.05590526847445254,2.6099270072992975e-07,4.474379562043799e-07,0.8987057708029201,1.8642335766423247e-08,3.7284671532846494e-08,3.729197080291948e-08,0.045388245839416023
318,0.0559052321240876,2.6099270072992975e-07,4.4743065693430686e-07,0.8987058072992705,1.8642335766423247e-08,3.7284671532846494e-08,3.729197080291948e-08,0.045388245839416023
319,0.055905194386861354,2.6099270072992975e-07,4.474233576642339e-07,0.8987058489051097,1.8642335766423247e-08,3.7284671532846494e-08,3.729197080291948e-08,0.045388245839416023
320,0.05590515526277367,2.6099270072992975e-07,4.4741605839416087e-07,0.898705894890511,1.8642335766423247e-08,3.7284671532846494e-08,3.729197080291948e-08,0.045388245839416023
321,0.05590511883941603,2.6099270072992975e-07,4.4741605839416087e-07,0.8987059357664237,1.8642335766423247e-08,3.7284671532846494e-08,3.7284671532846494e-08,0.045388245839416023
322,0.05590508205109486,2.6099270072992975e-07,4.4741605839416087e-07,0.8987059649635041,1.8642335766423247e-08,3.7284671532846494e-08,3.7284671532846494e-08,0.045388245839416023
323,0.055905045700729926,2.6099270072992975e-07,4.4741605839416087e-07,0.8987060051094901,1.8642335766423247e-08,3.7284671532846494e-08,3.7284671532846494e-08,0.045388245839416023
324,0.05590500796350364,2.6099270072992975e-07,4.4741605839416087e-07,0.8987060372262785,1.8642335766423247e-08,3.7284671532846494e-08,3.7284671532846494e-08,0.045388245839416023
325,0.05590496883941604,2.6099270072992975e-07,4.4741605839416087e-07,0.8987060766423366,1.8642335766423247e-08,3.7284671532846494e-08,3.7284671532846494e-08,0.045388245839416023
326,0.0559049324160584,2.6099270072992975e-07,4.4741605839416087e-07,0.8987061109489058,1.8642335766423247e-08,3.7284671532846494e-08,3.7284671532846494e-08,0.045388245839416023
327,0.05590489562773725,2.6099270072992975e-07,4.4741605839416087e-07,0.8987061510948917,1.8642335766423247e-08,3.7284671532846494e-08,3.7284671532846494e-08,0.045388245839416023
328,0.0559048592773723,2.6099270072992975e-07,4.4741605839416087e-07,0.8987061868613152,1.8642335766423247e-08,3.7284671532846494e-08,3.7284671532846494e-08,0.045388245839416023
329,0.055904821540146095,2.6099270072992975e-07,4.4741605839416087e-07,0.8987062240875924,1.8642335766423247e-08,3.7284671532846494e-08,3.7284671532846494e-08,0.045388245839416023
330,0.055904782416058535,2.6099270072992975e-07,4.4741605839416087e-07,0.898706260583943,1.8642335766423247e-08,3.7284671532846494e-08,3.7284671532846494e-08,0.045388245839416023
331,0.055904745992700774,2.6099270072992975e-07,4.4741605839416087e-07,0.8987062963503663,1.8642335766423247e-08,3.7284671532846494e-08,3.7284671532846494e-08,0.045388245839416023
332,0.05590470920437949,2.6099270072992975e-07,4.4741605839416087e-07,0.8987063328467164,1.8642335766423247e-08,3.7284671532846494e-08,3.7284671532846494e-08,0.045388245839416023
333,0.055904672854014535,2.6099270072992975e-07,4.4741605839416087e-07,0.8987063664233591,1.8642335766423247e-08,3.7284671532846494e-08,3.7284671532846494e-08,0.045388245839416023
334,0.05590463511678829,2.6099270072992975e-07,4.4741605839416087e-07,0.8987064065693448,1.8642335766423247e-08,3.7284671532846494e-08,3.7284671532846494e-08,0.045388245839416023
335,0.05590459599270071,2.6099270072992975e-07,4.4741605839416087e-07,0.8987064576642355,1.8642335766423247e-08,3.7284671532846494e-08,3.7284671532846494e-08,0.045388245839416023
336,0.05590455956934308,2.6099270072992975e-07,4.4741605839416087e-07,0.8987064948905134,1.8642335766423247e-08,3.7284671532846494e-08,3.7284671532846494e-08,0.045388245839416023
337,0.05590452278102194,2.6099270072992975e-07,4.4741605839416087e-07,0.8987065343065721,1.8642335766423247e-08,3.7284671532846494e-08,3.7284671532846494e-08,0.045388245839416023
338,0.05590448643065695,2.6099270072992975e-07,4.4741605839416087e-07,0.8987065700729955,1.8642335766423247e-08,3.7284671532846494e-08,3.7284671532846494e-08,0.045388245839416023
339,0.05590444869343062,2.6099270072992975e-07,4.4741605839416087e-07,0.8987066080291998,1.8642335766423247e-08,3.7284671532846494e-08,3.7284671532846494e-08,0.045388245839416023
340,0.05590440956934304,2.6099270072992975e-07,4.4741605839416087e-07,0.8987066343065722,1.8642335766423247e-08,3.7284671532846494e-08,3.7284671532846494e-08,0.045388245839416023
341,0.05590437314598539,2.6099270072992975e-07,4.4741605839416087e-07,0.898706664963506,1.8642335766423247e-08,3.7284671532846494e-08,3.7284671532846494e-08,0.045388245839416023
342,0.055904336357664244,2.6099270072992975e-07,4.4741605839416087e-07,0.8987067051094916,1.8642335766423247e-08,3.7284671532846494e-08,3.7284671532846494e-08,0.045388245839416023
343,0.055904300007299255,2.6099270072992975e-07,4.4741605839416087e-07,0.8987067401459882,1.8642335766423247e-08,3.7284671532846494e-08,3.7284671532846494e-08,0.045388245839416023
344,0.055904262270073,2.6099270072992975e-07,4.4741605839416087e-07,0.8987067817518274,1.8642335766423247e-08,3.7284671532846494e-08,3.7284671532846494e-08,0.045388245839416023
345,0.055904223145985386,2.6099270072992975e-07,4.4741605839416087e-07,0.8987068240875942,1.8642335766423247e-08,3.7284671532846494e-08,3.7284671532846494e-08,0.045388245839416023
346,0.05590418672262777,2.6099270072992975e-07,4.4741605839416087e-07,0.8987068700729953,1.8642335766423247e-08,3.7284671532846494e-08,3.7284671532846494e-08,0.045388245839416023
347,0.05590414993430663,2.6099270072992975e-07,4.4741605839416087e-07,0.8987069021897833,1.8642335766423247e-08,3.7284671532846494e-08,3.7284671532846494e-08,0.045388245839416023
348,0.055904113583941664,2.6099270072992975e-07,4.4741605839416087e-07,0.898706930656936,1.8642335766423247e-08,3.7284671532846494e-08,3.7284671532846494e-08,0.045388245839416023
349,0.055904075846715376,2.6099270072992975e-07,4.4741605839416087e-07,0.8987069671532862,1.8642335766423247e-08,3.7284671532846494e-08,3.7284671532846494e-08,0.045388245839416023
350,0.05590403672262766,2.6099270072992975e-07,4.4741605839416087e-07,0.8987070058394179,1.8642335766423247e-08,3.7284671532846494e-08,3.7284671532846494e-08,0.045388245839416023
351,0.05590400029927,2.6099270072992975e-07,4.4741605839416087e-07,0.8987070416058414,1.8642335766423247e-08,3.7284671532846494e-08,3.7284671532846494e-08,0.045388245839416023
352,0.05590396351094888,2.6099270072992975e-07,4.4741605839416087e-07,0.8987070810218997,1.8642335766423247e-08,3.7284671532846494e-08,3.7284671532846494e-08,0.045388245839416023
353,0.05590392716058394,2.6099270072992975e-07,4.4741605839416087e-07,0.8987071138686148,1.8642335766423247e-08,3.7284671532846494e-08,3.7284671532846494e-08,0.045388245839416023
354,0.055903889423357674,2.6099270072992975e-07,4.4741605839416087e-07,0.8987071510948922,1.8642335766423247e-08,3.7284671532846494e-08,3.7284671532846494e-08,0.045388245839416023
355,0.05590385029927009,2.6099270072992975e-07,4.4741605839416087e-07,0.8987071919708042,1.8642335766423247e-08,3.7284671532846494e-08,3.7284671532846494e-08,0.045388245839416023
356,0.05590381387591241,2.6099270072992975e-07,4.4741605839416087e-07,0.898707229197082,1.8642335766423247e-08,3.7284671532846494e-08,3.7284671532846494e-08,0.045388245839416023
357,0.05590377708759127,2.6099270072992975e-07,4.4741605839416087e-07,0.8987072686131407,1.8642335766423247e-08,3.7284671532846494e-08,3.7284671532846494e-08,0.045388245839416023
358,0.05590374073722627,2.6099270072992975e-07,4.4741605839416087e-07,0.898707297810221,1.8642335766423247e-08,3.7284671532846494e-08,3.7284671532846494e-08,0.045388245839416023
359,0.05590370300000006,2.6099270072992975e-07,4.4741605839416087e-07,0.8987073357664258,1.8642335766423247e-08,3.7284671532846494e-08,3.7284671532846494e-08,0.045388245839416023
360,0.0559036638759125,2.6099270072992975e-07,4.4741605839416087e-07,0.8987073875912425,1.8642335766423247e-08,3.7284671532846494e-08,3.7284671532846494e-08,0.045388245839416023
361,0.0559036274525548,2.6099270072992975e-07,4.4741605839416087e-07,0.8987074240875927,1.8642335766423247e-08,3.7284671532846494e-08,3.7284671532846494e-08,0.045388245839416023
362,0.05590359066423353,2.6099270072992975e-07,4.4741605839416087e-07,0.8987074591240881,1.8642335766423247e-08,3.7284671532846494e-08,3.7284671532846494e-08,0.045388245839416023
363,0.05590355431386856,2.6099270072992975e-07,4.4741605839416087e-07,0.8987074992700735,1.8642335766423247e-08,3.7284671532846494e-08,3.7284671532846494e-08,0.045388245839416023
364,0.05590351657664231,2.6099270072992975e-07,4.4741605839416087e-07,0.8987075328467162,1.8642335766423247e-08,3.7284671532846494e-08,3.7284671532846494e-08,0.045388245839416023
365,0.055903477452554785,2.6099270072992975e-07,4.4741605839416087e-07,0.8987075598540152,1.8642335766423247e-08,3.7284671532846494e-08,3.7284671532846494e-08,0.045388245839416023
366,0.05590344102919708,2.6099270072992975e-07,4.4741605839416087e-07,0.8987075919708036,1.8642335766423247e-08,3.7284671532846494e-08,3.7284671532846494e-08,0.045388245839416023
367,0.055903404240875886,2.6099270072992975e-07,4.4741605839416087e-07,0.8987076335766429,1.8642335766423247e-08,3.7284671532846494e-08,3.7284671532846494e-08,0.045388245839416023
368,0.055903367890510924,2.6099270072992975e-07,4.4741605839416087e-07,0.8987076700729929,1.8642335766423247e-08,3.7284671532846494e-08,3.7284671532846494e-08,0.045388245839416023
369,0.055903330153284594,2.6099270072992975e-07,4.4741605839416087e-07,0.8987077094890515,1.8642335766423247e-08,3.7284671532846494e-08,3.7284671532846494e-08,0.045388245839416023
370,0.055903291029197055,2.6099270072992975e-07,4.4741605839416087e-07,0.8987077532846721,1.8642335766423247e-08,3.7284671532846494e-08,3.7284671532846494e-08,0.045388245839416023
371,0.05590325460583942,2.6099270072992975e-07,4.4741605839416087e-07,0.8987077978102198,1.8642335766423247e-08,3.7284671532846494e-08,3.7284671532846494e-08,0.045388245839416023
372,0.055903217817518294,2.6099097080292247e-07,4.4741605839416087e-07,0.8987078321167895,1.8640605839415948e-08,3.7284671532846494e-08,3.7284671532846494e-08,0.045388245839416023
373,0.05590318146715329,2.6098924087591514e-07,4.4741605839416087e-07,0.8987078671532861,1.8640605839415948e-08,3.7284671532846494e-08,3.7284671532846494e-08,0.045388245839416023
374,0.05590314372992702,2.6098751094890785e-07,4.4741605839416087e-07,0.8987079014598556,1.8640605839415948e-08,3.7284671532846494e-08,3.7284671532846494e-08,0.045388245839416023
375,0.05590310460583937,2.6098578102190057e-07,4.4741605839416087e-07,0.8987079408759135,1.8640605839415948e-08,3.7284671532846494e-08,3.7284671532846494e-08,0.045388245839416023
376,0.05590306818248175,2.6098405109489324e-07,4.4741605839416087e-07,0.898707975182483,1.8640605839415948e-08,3.7284671532846494e-08,3.7284671532846494e-08,0.045388245839416023
377,0.055903031394160634,2.6098232116788595e-07,4.474143284671536e-07,0.8987080189781037,1.8640605839415948e-08,3.728294160583919e-08,3.7284671532846494e-08,0.045388245839416023
378,0.055902995043795645,2.6097502189781293e-07,4.4741259854014625e-07,0.8987080503649653,1.8635036496350252e-08,3.728294160583919e-08,3.7284671532846494e-08,0.045388245839416023
379,0.05590295737956206,2.6096772262773996e-07,4.4741086861313897e-07,0.8987080817518265,1.8635036496350252e-08,3.728294160583919e-08,3.7284671532846494e-08,0.045388245839416023
380,0.05590291818248173,2.60960423357667e-07,4.474091386861317e-07,0.8987081255474471,1.8635036496350252e-08,3.728294160583919e-08,3.7284671532846494e-08,0.045388245839416023
381,0.05590288175912406,2.60953124087594e-07,4.4740740875912435e-07,0.898708162773724,1.8635036496350252e-08,3.728294160583919e-08,3.7284671532846494e-08,0.045388245839416023
382,0.05590284504379559,2.60945824817521e-07,4.4740567883211707e-07,0.8987081985401467,1.8635036496350252e-08,3.728294160583919e-08,3.7284671532846494e-08,0.045388245839416023
383,0.05590280869343064,2.60938525547448e-07,4.4739837956204415e-07,0.8987082386861323,1.8635036496350252e-08,3.72773722627735e-08,3.7284671532846494e-08,0.045388245839416023
384,0.055902771029197086,2.6093122627737496e-07,4.473910802919711e-07,0.8987082773722634,1.8635036496350252e-08,3.72773722627735e-08,3.7284671532846494e-08,0.045388245839416023
385,0.05590273183211677,2.60923927007302e-07,4.4738378102189806e-07,0.8987083211678843,1.8635036496350252e-08,3.72773722627735e-08,3.7284671532846494e-08,0.045388245839416023
386,0.05590269540875911,2.609183576642363e-07,4.4737475182481786e-07,0.8987083605839434,1.8635036496350252e-08,3.72756423357662e-08,3.7284671532846494e-08,0.045388245839416023
387,0.055902658693430675,2.609127883211706e-07,4.4736572262773755e-07,0.8987083963503669,1.8635036496350252e-08,3.72756423357662e-08,3.7284671532846494e-08,0.045388245839416023
388,0.05590262234306569,2.6090721897810493e-07,4.4735669343065725e-07,0.8987084328467171,1.8635036496350252e-08,3.72756423357662e-08,3.7284671532846494e-08,0.045388245839416023
389,0.05590258467883215,2.6090164963503925e-07,4.4734939416058423e-07,0.8987084708029217,1.8635036496350252e-08,3.72756423357662e-08,3.728294160583919e-08,0.045388245839416023
390,0.05590254548175185,2.608960802919735e-07,4.4734209489051126e-07,0.8987085014598557,1.8635036496350252e-08,3.72756423357662e-08,3.728294160583919e-08,0.045388245839416023
391,0.055902509058394154,2.608905109489078e-07,4.4733479562043824e-07,0.898708529927009,1.8635036496350252e-08,3.72756423357662e-08,3.728294160583919e-08,0.045388245839416023
392,0.05590247234306557,2.608905109489078e-07,4.4732192700729953e-07,0.8987085708029215,1.8635036496350252e-08,3.7270072992700504e-08,3.728294160583919e-08,0.045388245839416023
393,0.05590243599270063,2.608905109489078e-07,4.4730905839416093e-07,0.8987086058394183,1.8635036496350252e-08,3.7270072992700504e-08,3.728294160583919e-08,0.045388245839416023
394,0.05590239832846709,2.608905109489078e-07,4.472961897810222e-07,0.8987086467153305,1.8635036496350252e-08,3.7270072992700504e-08,3.728294160583919e-08,0.045388245839416023
395,0.055902359131386886,2.608905109489078e-07,4.472888905109492e-07,0.8987086934306587,1.8635036496350252e-08,3.7270072992700504e-08,3.72773722627735e-08,0.045388245839416023
396,0.055902322708029216,2.608905109489078e-07,4.4728159124087623e-07,0.8987087335766438,1.8635036496350252e-08,3.7270072992700504e-08,3.72773722627735e-08,0.045388245839416023
397,0.055902285992700716,2.608905109489078e-07,4.472742919708032e-07,0.898708764233578,1.8635036496350252e-08,3.7270072992700504e-08,3.72773722627735e-08,0.045388245839416023
398,0.05590224964233572,2.608905109489078e-07,4.472687226277375e-07,0.8987087992700739,1.8635036496350252e-08,3.7270072992700504e-08,3.72756423357662e-08,0.045388245839416023
399,0.0559022119781021,2.608905109489078e-07,4.4726315328467184e-07,0.898708827737227,1.8635036496350252e-08,3.7270072992700504e-08,3.72756423357662e-08,0.045388245839416023
